acasxu_2023,vnncomp2025_benchmarks/benchmarks/acasxu_2023/onnx/ACASXU_run2a_1_1_batch_2000.onnx,vnncomp2025_benchmarks/benchmarks/acasxu_2023/vnnlib/prop_1.vnnlib,0,unknown,0.05582690238952637
acasxu_2023,vnncomp2025_benchmarks/benchmarks/acasxu_2023/onnx/ACASXU_run2a_1_2_batch_2000.onnx,vnncomp2025_benchmarks/benchmarks/acasxu_2023/vnnlib/prop_1.vnnlib,0,unknown,0.030004262924194336
acasxu_2023,vnncomp2025_benchmarks/benchmarks/acasxu_2023/onnx/ACASXU_run2a_1_3_batch_2000.onnx,vnncomp2025_benchmarks/benchmarks/acasxu_2023/vnnlib/prop_1.vnnlib,0,unknown,0.03171563148498535
acasxu_2023,vnncomp2025_benchmarks/benchmarks/acasxu_2023/onnx/ACASXU_run2a_1_4_batch_2000.onnx,vnncomp2025_benchmarks/benchmarks/acasxu_2023/vnnlib/prop_1.vnnlib,0,unknown,0.038306236267089844
acasxu_2023,vnncomp2025_benchmarks/benchmarks/acasxu_2023/onnx/ACASXU_run2a_1_5_batch_2000.onnx,vnncomp2025_benchmarks/benchmarks/acasxu_2023/vnnlib/prop_1.vnnlib,0,unknown,0.037987709045410156
acasxu_2023,vnncomp2025_benchmarks/benchmarks/acasxu_2023/onnx/ACASXU_run2a_1_6_batch_2000.onnx,vnncomp2025_benchmarks/benchmarks/acasxu_2023/vnnlib/prop_1.vnnlib,0,unsat,0.036592721939086914
acasxu_2023,vnncomp2025_benchmarks/benchmarks/acasxu_2023/onnx/ACASXU_run2a_1_7_batch_2000.onnx,vnncomp2025_benchmarks/benchmarks/acasxu_2023/vnnlib/prop_1.vnnlib,0,unsat,0.034436941146850586
acasxu_2023,vnncomp2025_benchmarks/benchmarks/acasxu_2023/onnx/ACASXU_run2a_1_8_batch_2000.onnx,vnncomp2025_benchmarks/benchmarks/acasxu_2023/vnnlib/prop_1.vnnlib,0,unsat,0.035186052322387695
acasxu_2023,vnncomp2025_benchmarks/benchmarks/acasxu_2023/onnx/ACASXU_run2a_1_9_batch_2000.onnx,vnncomp2025_benchmarks/benchmarks/acasxu_2023/vnnlib/prop_1.vnnlib,0,unsat,0.03534412384033203
acasxu_2023,vnncomp2025_benchmarks/benchmarks/acasxu_2023/onnx/ACASXU_run2a_2_1_batch_2000.onnx,vnncomp2025_benchmarks/benchmarks/acasxu_2023/vnnlib/prop_1.vnnlib,0,unknown,0.035897016525268555
acasxu_2023,vnncomp2025_benchmarks/benchmarks/acasxu_2023/onnx/ACASXU_run2a_2_2_batch_2000.onnx,vnncomp2025_benchmarks/benchmarks/acasxu_2023/vnnlib/prop_1.vnnlib,0,unknown,0.03862190246582031
acasxu_2023,vnncomp2025_benchmarks/benchmarks/acasxu_2023/onnx/ACASXU_run2a_2_3_batch_2000.onnx,vnncomp2025_benchmarks/benchmarks/acasxu_2023/vnnlib/prop_1.vnnlib,0,unknown,0.03727316856384277
acasxu_2023,vnncomp2025_benchmarks/benchmarks/acasxu_2023/onnx/ACASXU_run2a_2_4_batch_2000.onnx,vnncomp2025_benchmarks/benchmarks/acasxu_2023/vnnlib/prop_1.vnnlib,0,unknown,0.03758835792541504
acasxu_2023,vnncomp2025_benchmarks/benchmarks/acasxu_2023/onnx/ACASXU_run2a_2_5_batch_2000.onnx,vnncomp2025_benchmarks/benchmarks/acasxu_2023/vnnlib/prop_1.vnnlib,0,unknown,0.042566776275634766
acasxu_2023,vnncomp2025_benchmarks/benchmarks/acasxu_2023/onnx/ACASXU_run2a_2_6_batch_2000.onnx,vnncomp2025_benchmarks/benchmarks/acasxu_2023/vnnlib/prop_1.vnnlib,0,unknown,0.03729987144470215
acasxu_2023,vnncomp2025_benchmarks/benchmarks/acasxu_2023/onnx/ACASXU_run2a_2_7_batch_2000.onnx,vnncomp2025_benchmarks/benchmarks/acasxu_2023/vnnlib/prop_1.vnnlib,0,unknown,0.03757882118225098
acasxu_2023,vnncomp2025_benchmarks/benchmarks/acasxu_2023/onnx/ACASXU_run2a_2_8_batch_2000.onnx,vnncomp2025_benchmarks/benchmarks/acasxu_2023/vnnlib/prop_1.vnnlib,0,unknown,0.03565168380737305
acasxu_2023,vnncomp2025_benchmarks/benchmarks/acasxu_2023/onnx/ACASXU_run2a_2_9_batch_2000.onnx,vnncomp2025_benchmarks/benchmarks/acasxu_2023/vnnlib/prop_1.vnnlib,0,unknown,0.03886771202087402
acasxu_2023,vnncomp2025_benchmarks/benchmarks/acasxu_2023/onnx/ACASXU_run2a_3_1_batch_2000.onnx,vnncomp2025_benchmarks/benchmarks/acasxu_2023/vnnlib/prop_1.vnnlib,0,unknown,0.03825116157531738
acasxu_2023,vnncomp2025_benchmarks/benchmarks/acasxu_2023/onnx/ACASXU_run2a_3_2_batch_2000.onnx,vnncomp2025_benchmarks/benchmarks/acasxu_2023/vnnlib/prop_1.vnnlib,0,unknown,0.03805398941040039
acasxu_2023,vnncomp2025_benchmarks/benchmarks/acasxu_2023/onnx/ACASXU_run2a_3_3_batch_2000.onnx,vnncomp2025_benchmarks/benchmarks/acasxu_2023/vnnlib/prop_1.vnnlib,0,unknown,0.03936171531677246
acasxu_2023,vnncomp2025_benchmarks/benchmarks/acasxu_2023/onnx/ACASXU_run2a_3_4_batch_2000.onnx,vnncomp2025_benchmarks/benchmarks/acasxu_2023/vnnlib/prop_1.vnnlib,0,unknown,0.03744387626647949
acasxu_2023,vnncomp2025_benchmarks/benchmarks/acasxu_2023/onnx/ACASXU_run2a_3_5_batch_2000.onnx,vnncomp2025_benchmarks/benchmarks/acasxu_2023/vnnlib/prop_1.vnnlib,0,unknown,0.0353701114654541
acasxu_2023,vnncomp2025_benchmarks/benchmarks/acasxu_2023/onnx/ACASXU_run2a_3_6_batch_2000.onnx,vnncomp2025_benchmarks/benchmarks/acasxu_2023/vnnlib/prop_1.vnnlib,0,unknown,0.04121208190917969
acasxu_2023,vnncomp2025_benchmarks/benchmarks/acasxu_2023/onnx/ACASXU_run2a_3_7_batch_2000.onnx,vnncomp2025_benchmarks/benchmarks/acasxu_2023/vnnlib/prop_1.vnnlib,0,unknown,0.03644990921020508
acasxu_2023,vnncomp2025_benchmarks/benchmarks/acasxu_2023/onnx/ACASXU_run2a_3_8_batch_2000.onnx,vnncomp2025_benchmarks/benchmarks/acasxu_2023/vnnlib/prop_1.vnnlib,0,unknown,0.03707528114318848
acasxu_2023,vnncomp2025_benchmarks/benchmarks/acasxu_2023/onnx/ACASXU_run2a_3_9_batch_2000.onnx,vnncomp2025_benchmarks/benchmarks/acasxu_2023/vnnlib/prop_1.vnnlib,0,unknown,0.03832364082336426
acasxu_2023,vnncomp2025_benchmarks/benchmarks/acasxu_2023/onnx/ACASXU_run2a_4_1_batch_2000.onnx,vnncomp2025_benchmarks/benchmarks/acasxu_2023/vnnlib/prop_1.vnnlib,0,unknown,0.03931307792663574
acasxu_2023,vnncomp2025_benchmarks/benchmarks/acasxu_2023/onnx/ACASXU_run2a_4_2_batch_2000.onnx,vnncomp2025_benchmarks/benchmarks/acasxu_2023/vnnlib/prop_1.vnnlib,0,unknown,0.03895211219787598
acasxu_2023,vnncomp2025_benchmarks/benchmarks/acasxu_2023/onnx/ACASXU_run2a_4_3_batch_2000.onnx,vnncomp2025_benchmarks/benchmarks/acasxu_2023/vnnlib/prop_1.vnnlib,0,unknown,0.038201332092285156
acasxu_2023,vnncomp2025_benchmarks/benchmarks/acasxu_2023/onnx/ACASXU_run2a_4_4_batch_2000.onnx,vnncomp2025_benchmarks/benchmarks/acasxu_2023/vnnlib/prop_1.vnnlib,0,unknown,0.04175829887390137
acasxu_2023,vnncomp2025_benchmarks/benchmarks/acasxu_2023/onnx/ACASXU_run2a_4_5_batch_2000.onnx,vnncomp2025_benchmarks/benchmarks/acasxu_2023/vnnlib/prop_1.vnnlib,0,unknown,0.036962270736694336
acasxu_2023,vnncomp2025_benchmarks/benchmarks/acasxu_2023/onnx/ACASXU_run2a_4_6_batch_2000.onnx,vnncomp2025_benchmarks/benchmarks/acasxu_2023/vnnlib/prop_1.vnnlib,0,unknown,0.040465593338012695
acasxu_2023,vnncomp2025_benchmarks/benchmarks/acasxu_2023/onnx/ACASXU_run2a_4_7_batch_2000.onnx,vnncomp2025_benchmarks/benchmarks/acasxu_2023/vnnlib/prop_1.vnnlib,0,unknown,0.03708672523498535
acasxu_2023,vnncomp2025_benchmarks/benchmarks/acasxu_2023/onnx/ACASXU_run2a_4_8_batch_2000.onnx,vnncomp2025_benchmarks/benchmarks/acasxu_2023/vnnlib/prop_1.vnnlib,0,unknown,0.03884172439575195
acasxu_2023,vnncomp2025_benchmarks/benchmarks/acasxu_2023/onnx/ACASXU_run2a_4_9_batch_2000.onnx,vnncomp2025_benchmarks/benchmarks/acasxu_2023/vnnlib/prop_1.vnnlib,0,unknown,0.037038326263427734
acasxu_2023,vnncomp2025_benchmarks/benchmarks/acasxu_2023/onnx/ACASXU_run2a_5_1_batch_2000.onnx,vnncomp2025_benchmarks/benchmarks/acasxu_2023/vnnlib/prop_1.vnnlib,0,unknown,0.0392458438873291
acasxu_2023,vnncomp2025_benchmarks/benchmarks/acasxu_2023/onnx/ACASXU_run2a_5_2_batch_2000.onnx,vnncomp2025_benchmarks/benchmarks/acasxu_2023/vnnlib/prop_1.vnnlib,0,unknown,0.038880348205566406
acasxu_2023,vnncomp2025_benchmarks/benchmarks/acasxu_2023/onnx/ACASXU_run2a_5_3_batch_2000.onnx,vnncomp2025_benchmarks/benchmarks/acasxu_2023/vnnlib/prop_1.vnnlib,0,unknown,0.03343367576599121
acasxu_2023,vnncomp2025_benchmarks/benchmarks/acasxu_2023/onnx/ACASXU_run2a_5_4_batch_2000.onnx,vnncomp2025_benchmarks/benchmarks/acasxu_2023/vnnlib/prop_1.vnnlib,0,unknown,0.03535938262939453
acasxu_2023,vnncomp2025_benchmarks/benchmarks/acasxu_2023/onnx/ACASXU_run2a_5_5_batch_2000.onnx,vnncomp2025_benchmarks/benchmarks/acasxu_2023/vnnlib/prop_1.vnnlib,0,unknown,0.03540658950805664
acasxu_2023,vnncomp2025_benchmarks/benchmarks/acasxu_2023/onnx/ACASXU_run2a_5_6_batch_2000.onnx,vnncomp2025_benchmarks/benchmarks/acasxu_2023/vnnlib/prop_1.vnnlib,0,unknown,0.04102063179016113
acasxu_2023,vnncomp2025_benchmarks/benchmarks/acasxu_2023/onnx/ACASXU_run2a_5_7_batch_2000.onnx,vnncomp2025_benchmarks/benchmarks/acasxu_2023/vnnlib/prop_1.vnnlib,0,unknown,0.03607940673828125
acasxu_2023,vnncomp2025_benchmarks/benchmarks/acasxu_2023/onnx/ACASXU_run2a_5_8_batch_2000.onnx,vnncomp2025_benchmarks/benchmarks/acasxu_2023/vnnlib/prop_1.vnnlib,0,unknown,0.0384516716003418
acasxu_2023,vnncomp2025_benchmarks/benchmarks/acasxu_2023/onnx/ACASXU_run2a_5_9_batch_2000.onnx,vnncomp2025_benchmarks/benchmarks/acasxu_2023/vnnlib/prop_1.vnnlib,0,unknown,0.04179048538208008
acasxu_2023,vnncomp2025_benchmarks/benchmarks/acasxu_2023/onnx/ACASXU_run2a_1_1_batch_2000.onnx,vnncomp2025_benchmarks/benchmarks/acasxu_2023/vnnlib/prop_2.vnnlib,0,unknown,0.05010652542114258
acasxu_2023,vnncomp2025_benchmarks/benchmarks/acasxu_2023/onnx/ACASXU_run2a_1_2_batch_2000.onnx,vnncomp2025_benchmarks/benchmarks/acasxu_2023/vnnlib/prop_2.vnnlib,0,unknown,0.03549671173095703
acasxu_2023,vnncomp2025_benchmarks/benchmarks/acasxu_2023/onnx/ACASXU_run2a_1_3_batch_2000.onnx,vnncomp2025_benchmarks/benchmarks/acasxu_2023/vnnlib/prop_2.vnnlib,0,unknown,0.03319907188415527
acasxu_2023,vnncomp2025_benchmarks/benchmarks/acasxu_2023/onnx/ACASXU_run2a_1_4_batch_2000.onnx,vnncomp2025_benchmarks/benchmarks/acasxu_2023/vnnlib/prop_2.vnnlib,0,unknown,0.03407549858093262
acasxu_2023,vnncomp2025_benchmarks/benchmarks/acasxu_2023/onnx/ACASXU_run2a_1_5_batch_2000.onnx,vnncomp2025_benchmarks/benchmarks/acasxu_2023/vnnlib/prop_2.vnnlib,0,sat,0.02926349639892578
acasxu_2023,vnncomp2025_benchmarks/benchmarks/acasxu_2023/onnx/ACASXU_run2a_1_6_batch_2000.onnx,vnncomp2025_benchmarks/benchmarks/acasxu_2023/vnnlib/prop_2.vnnlib,0,sat,0.03078627586364746
acasxu_2023,vnncomp2025_benchmarks/benchmarks/acasxu_2023/onnx/ACASXU_run2a_1_7_batch_2000.onnx,vnncomp2025_benchmarks/benchmarks/acasxu_2023/vnnlib/prop_2.vnnlib,0,unknown,0.033162832260131836
acasxu_2023,vnncomp2025_benchmarks/benchmarks/acasxu_2023/onnx/ACASXU_run2a_1_8_batch_2000.onnx,vnncomp2025_benchmarks/benchmarks/acasxu_2023/vnnlib/prop_2.vnnlib,0,unknown,0.03197813034057617
acasxu_2023,vnncomp2025_benchmarks/benchmarks/acasxu_2023/onnx/ACASXU_run2a_1_9_batch_2000.onnx,vnncomp2025_benchmarks/benchmarks/acasxu_2023/vnnlib/prop_2.vnnlib,0,unknown,0.04121875762939453
acasxu_2023,vnncomp2025_benchmarks/benchmarks/acasxu_2023/onnx/ACASXU_run2a_2_1_batch_2000.onnx,vnncomp2025_benchmarks/benchmarks/acasxu_2023/vnnlib/prop_2.vnnlib,0,unknown,0.04206728935241699
acasxu_2023,vnncomp2025_benchmarks/benchmarks/acasxu_2023/onnx/ACASXU_run2a_2_2_batch_2000.onnx,vnncomp2025_benchmarks/benchmarks/acasxu_2023/vnnlib/prop_2.vnnlib,0,unknown,0.03973960876464844
acasxu_2023,vnncomp2025_benchmarks/benchmarks/acasxu_2023/onnx/ACASXU_run2a_2_3_batch_2000.onnx,vnncomp2025_benchmarks/benchmarks/acasxu_2023/vnnlib/prop_2.vnnlib,0,unknown,0.03616905212402344
acasxu_2023,vnncomp2025_benchmarks/benchmarks/acasxu_2023/onnx/ACASXU_run2a_2_4_batch_2000.onnx,vnncomp2025_benchmarks/benchmarks/acasxu_2023/vnnlib/prop_2.vnnlib,0,unknown,0.043459415435791016
acasxu_2023,vnncomp2025_benchmarks/benchmarks/acasxu_2023/onnx/ACASXU_run2a_2_5_batch_2000.onnx,vnncomp2025_benchmarks/benchmarks/acasxu_2023/vnnlib/prop_2.vnnlib,0,unknown,0.03394007682800293
acasxu_2023,vnncomp2025_benchmarks/benchmarks/acasxu_2023/onnx/ACASXU_run2a_2_6_batch_2000.onnx,vnncomp2025_benchmarks/benchmarks/acasxu_2023/vnnlib/prop_2.vnnlib,0,sat,0.030692100524902344
acasxu_2023,vnncomp2025_benchmarks/benchmarks/acasxu_2023/onnx/ACASXU_run2a_2_7_batch_2000.onnx,vnncomp2025_benchmarks/benchmarks/acasxu_2023/vnnlib/prop_2.vnnlib,0,unknown,0.03403735160827637
acasxu_2023,vnncomp2025_benchmarks/benchmarks/acasxu_2023/onnx/ACASXU_run2a_2_8_batch_2000.onnx,vnncomp2025_benchmarks/benchmarks/acasxu_2023/vnnlib/prop_2.vnnlib,0,unknown,0.032914161682128906
acasxu_2023,vnncomp2025_benchmarks/benchmarks/acasxu_2023/onnx/ACASXU_run2a_2_9_batch_2000.onnx,vnncomp2025_benchmarks/benchmarks/acasxu_2023/vnnlib/prop_2.vnnlib,0,sat,0.028646230697631836
acasxu_2023,vnncomp2025_benchmarks/benchmarks/acasxu_2023/onnx/ACASXU_run2a_3_1_batch_2000.onnx,vnncomp2025_benchmarks/benchmarks/acasxu_2023/vnnlib/prop_2.vnnlib,0,unknown,0.03184199333190918
acasxu_2023,vnncomp2025_benchmarks/benchmarks/acasxu_2023/onnx/ACASXU_run2a_3_2_batch_2000.onnx,vnncomp2025_benchmarks/benchmarks/acasxu_2023/vnnlib/prop_2.vnnlib,0,unknown,0.031832218170166016
acasxu_2023,vnncomp2025_benchmarks/benchmarks/acasxu_2023/onnx/ACASXU_run2a_3_3_batch_2000.onnx,vnncomp2025_benchmarks/benchmarks/acasxu_2023/vnnlib/prop_2.vnnlib,0,sat,0.029542207717895508
acasxu_2023,vnncomp2025_benchmarks/benchmarks/acasxu_2023/onnx/ACASXU_run2a_3_4_batch_2000.onnx,vnncomp2025_benchmarks/benchmarks/acasxu_2023/vnnlib/prop_2.vnnlib,0,unknown,0.030937671661376953
acasxu_2023,vnncomp2025_benchmarks/benchmarks/acasxu_2023/onnx/ACASXU_run2a_3_5_batch_2000.onnx,vnncomp2025_benchmarks/benchmarks/acasxu_2023/vnnlib/prop_2.vnnlib,0,unknown,0.030100107192993164
acasxu_2023,vnncomp2025_benchmarks/benchmarks/acasxu_2023/onnx/ACASXU_run2a_3_6_batch_2000.onnx,vnncomp2025_benchmarks/benchmarks/acasxu_2023/vnnlib/prop_2.vnnlib,0,sat,0.03005504608154297
acasxu_2023,vnncomp2025_benchmarks/benchmarks/acasxu_2023/onnx/ACASXU_run2a_3_7_batch_2000.onnx,vnncomp2025_benchmarks/benchmarks/acasxu_2023/vnnlib/prop_2.vnnlib,0,unknown,0.030304431915283203
acasxu_2023,vnncomp2025_benchmarks/benchmarks/acasxu_2023/onnx/ACASXU_run2a_3_8_batch_2000.onnx,vnncomp2025_benchmarks/benchmarks/acasxu_2023/vnnlib/prop_2.vnnlib,0,sat,0.029282569885253906
acasxu_2023,vnncomp2025_benchmarks/benchmarks/acasxu_2023/onnx/ACASXU_run2a_3_9_batch_2000.onnx,vnncomp2025_benchmarks/benchmarks/acasxu_2023/vnnlib/prop_2.vnnlib,0,unknown,0.03164100646972656
acasxu_2023,vnncomp2025_benchmarks/benchmarks/acasxu_2023/onnx/ACASXU_run2a_4_1_batch_2000.onnx,vnncomp2025_benchmarks/benchmarks/acasxu_2023/vnnlib/prop_2.vnnlib,0,sat,0.03071141242980957
acasxu_2023,vnncomp2025_benchmarks/benchmarks/acasxu_2023/onnx/ACASXU_run2a_4_2_batch_2000.onnx,vnncomp2025_benchmarks/benchmarks/acasxu_2023/vnnlib/prop_2.vnnlib,0,unknown,0.03024148941040039
acasxu_2023,vnncomp2025_benchmarks/benchmarks/acasxu_2023/onnx/ACASXU_run2a_4_3_batch_2000.onnx,vnncomp2025_benchmarks/benchmarks/acasxu_2023/vnnlib/prop_2.vnnlib,0,unknown,0.032665252685546875
acasxu_2023,vnncomp2025_benchmarks/benchmarks/acasxu_2023/onnx/ACASXU_run2a_4_4_batch_2000.onnx,vnncomp2025_benchmarks/benchmarks/acasxu_2023/vnnlib/prop_2.vnnlib,0,unknown,0.031430721282958984
acasxu_2023,vnncomp2025_benchmarks/benchmarks/acasxu_2023/onnx/ACASXU_run2a_4_5_batch_2000.onnx,vnncomp2025_benchmarks/benchmarks/acasxu_2023/vnnlib/prop_2.vnnlib,0,sat,0.029195308685302734
acasxu_2023,vnncomp2025_benchmarks/benchmarks/acasxu_2023/onnx/ACASXU_run2a_4_6_batch_2000.onnx,vnncomp2025_benchmarks/benchmarks/acasxu_2023/vnnlib/prop_2.vnnlib,0,unknown,0.03309321403503418
acasxu_2023,vnncomp2025_benchmarks/benchmarks/acasxu_2023/onnx/ACASXU_run2a_4_7_batch_2000.onnx,vnncomp2025_benchmarks/benchmarks/acasxu_2023/vnnlib/prop_2.vnnlib,0,unknown,0.02937006950378418
acasxu_2023,vnncomp2025_benchmarks/benchmarks/acasxu_2023/onnx/ACASXU_run2a_4_8_batch_2000.onnx,vnncomp2025_benchmarks/benchmarks/acasxu_2023/vnnlib/prop_2.vnnlib,0,unknown,0.03214550018310547
acasxu_2023,vnncomp2025_benchmarks/benchmarks/acasxu_2023/onnx/ACASXU_run2a_4_9_batch_2000.onnx,vnncomp2025_benchmarks/benchmarks/acasxu_2023/vnnlib/prop_2.vnnlib,0,unknown,0.030117511749267578
acasxu_2023,vnncomp2025_benchmarks/benchmarks/acasxu_2023/onnx/ACASXU_run2a_5_1_batch_2000.onnx,vnncomp2025_benchmarks/benchmarks/acasxu_2023/vnnlib/prop_2.vnnlib,0,unknown,0.03229165077209473
acasxu_2023,vnncomp2025_benchmarks/benchmarks/acasxu_2023/onnx/ACASXU_run2a_5_2_batch_2000.onnx,vnncomp2025_benchmarks/benchmarks/acasxu_2023/vnnlib/prop_2.vnnlib,0,unknown,0.03125643730163574
acasxu_2023,vnncomp2025_benchmarks/benchmarks/acasxu_2023/onnx/ACASXU_run2a_5_3_batch_2000.onnx,vnncomp2025_benchmarks/benchmarks/acasxu_2023/vnnlib/prop_2.vnnlib,0,unknown,0.028769493103027344
acasxu_2023,vnncomp2025_benchmarks/benchmarks/acasxu_2023/onnx/ACASXU_run2a_5_4_batch_2000.onnx,vnncomp2025_benchmarks/benchmarks/acasxu_2023/vnnlib/prop_2.vnnlib,0,unknown,0.03000164031982422
acasxu_2023,vnncomp2025_benchmarks/benchmarks/acasxu_2023/onnx/ACASXU_run2a_5_5_batch_2000.onnx,vnncomp2025_benchmarks/benchmarks/acasxu_2023/vnnlib/prop_2.vnnlib,0,unknown,0.029642581939697266
acasxu_2023,vnncomp2025_benchmarks/benchmarks/acasxu_2023/onnx/ACASXU_run2a_5_6_batch_2000.onnx,vnncomp2025_benchmarks/benchmarks/acasxu_2023/vnnlib/prop_2.vnnlib,0,sat,0.029560565948486328
acasxu_2023,vnncomp2025_benchmarks/benchmarks/acasxu_2023/onnx/ACASXU_run2a_5_7_batch_2000.onnx,vnncomp2025_benchmarks/benchmarks/acasxu_2023/vnnlib/prop_2.vnnlib,0,unknown,0.029306411743164062
acasxu_2023,vnncomp2025_benchmarks/benchmarks/acasxu_2023/onnx/ACASXU_run2a_5_8_batch_2000.onnx,vnncomp2025_benchmarks/benchmarks/acasxu_2023/vnnlib/prop_2.vnnlib,0,unknown,0.03026103973388672
acasxu_2023,vnncomp2025_benchmarks/benchmarks/acasxu_2023/onnx/ACASXU_run2a_5_9_batch_2000.onnx,vnncomp2025_benchmarks/benchmarks/acasxu_2023/vnnlib/prop_2.vnnlib,0,unknown,0.030361175537109375
acasxu_2023,vnncomp2025_benchmarks/benchmarks/acasxu_2023/onnx/ACASXU_run2a_1_1_batch_2000.onnx,vnncomp2025_benchmarks/benchmarks/acasxu_2023/vnnlib/prop_3.vnnlib,0,sat,0.04108881950378418
acasxu_2023,vnncomp2025_benchmarks/benchmarks/acasxu_2023/onnx/ACASXU_run2a_1_2_batch_2000.onnx,vnncomp2025_benchmarks/benchmarks/acasxu_2023/vnnlib/prop_3.vnnlib,0,sat,0.028913259506225586
acasxu_2023,vnncomp2025_benchmarks/benchmarks/acasxu_2023/onnx/ACASXU_run2a_1_3_batch_2000.onnx,vnncomp2025_benchmarks/benchmarks/acasxu_2023/vnnlib/prop_3.vnnlib,0,unknown,0.02774977684020996
acasxu_2023,vnncomp2025_benchmarks/benchmarks/acasxu_2023/onnx/ACASXU_run2a_1_4_batch_2000.onnx,vnncomp2025_benchmarks/benchmarks/acasxu_2023/vnnlib/prop_3.vnnlib,0,sat,0.0339663028717041
acasxu_2023,vnncomp2025_benchmarks/benchmarks/acasxu_2023/onnx/ACASXU_run2a_1_5_batch_2000.onnx,vnncomp2025_benchmarks/benchmarks/acasxu_2023/vnnlib/prop_3.vnnlib,0,unknown,0.029560089111328125
acasxu_2023,vnncomp2025_benchmarks/benchmarks/acasxu_2023/onnx/ACASXU_run2a_1_6_batch_2000.onnx,vnncomp2025_benchmarks/benchmarks/acasxu_2023/vnnlib/prop_3.vnnlib,0,sat,0.03506731986999512
acasxu_2023,vnncomp2025_benchmarks/benchmarks/acasxu_2023/onnx/ACASXU_run2a_1_7_batch_2000.onnx,vnncomp2025_benchmarks/benchmarks/acasxu_2023/vnnlib/prop_3.vnnlib,0,sat,0.03029775619506836
acasxu_2023,vnncomp2025_benchmarks/benchmarks/acasxu_2023/onnx/ACASXU_run2a_1_8_batch_2000.onnx,vnncomp2025_benchmarks/benchmarks/acasxu_2023/vnnlib/prop_3.vnnlib,0,sat,0.029585838317871094
acasxu_2023,vnncomp2025_benchmarks/benchmarks/acasxu_2023/onnx/ACASXU_run2a_1_9_batch_2000.onnx,vnncomp2025_benchmarks/benchmarks/acasxu_2023/vnnlib/prop_3.vnnlib,0,sat,0.030379772186279297
acasxu_2023,vnncomp2025_benchmarks/benchmarks/acasxu_2023/onnx/ACASXU_run2a_2_1_batch_2000.onnx,vnncomp2025_benchmarks/benchmarks/acasxu_2023/vnnlib/prop_3.vnnlib,0,sat,0.029563426971435547
acasxu_2023,vnncomp2025_benchmarks/benchmarks/acasxu_2023/onnx/ACASXU_run2a_2_2_batch_2000.onnx,vnncomp2025_benchmarks/benchmarks/acasxu_2023/vnnlib/prop_3.vnnlib,0,sat,0.02882528305053711
acasxu_2023,vnncomp2025_benchmarks/benchmarks/acasxu_2023/onnx/ACASXU_run2a_2_3_batch_2000.onnx,vnncomp2025_benchmarks/benchmarks/acasxu_2023/vnnlib/prop_3.vnnlib,0,unknown,0.030180692672729492
acasxu_2023,vnncomp2025_benchmarks/benchmarks/acasxu_2023/onnx/ACASXU_run2a_2_4_batch_2000.onnx,vnncomp2025_benchmarks/benchmarks/acasxu_2023/vnnlib/prop_3.vnnlib,0,sat,0.032971858978271484
acasxu_2023,vnncomp2025_benchmarks/benchmarks/acasxu_2023/onnx/ACASXU_run2a_2_5_batch_2000.onnx,vnncomp2025_benchmarks/benchmarks/acasxu_2023/vnnlib/prop_3.vnnlib,0,unknown,0.0317225456237793
acasxu_2023,vnncomp2025_benchmarks/benchmarks/acasxu_2023/onnx/ACASXU_run2a_2_6_batch_2000.onnx,vnncomp2025_benchmarks/benchmarks/acasxu_2023/vnnlib/prop_3.vnnlib,0,sat,0.026741504669189453
acasxu_2023,vnncomp2025_benchmarks/benchmarks/acasxu_2023/onnx/ACASXU_run2a_2_7_batch_2000.onnx,vnncomp2025_benchmarks/benchmarks/acasxu_2023/vnnlib/prop_3.vnnlib,0,unknown,0.029726743698120117
acasxu_2023,vnncomp2025_benchmarks/benchmarks/acasxu_2023/onnx/ACASXU_run2a_2_8_batch_2000.onnx,vnncomp2025_benchmarks/benchmarks/acasxu_2023/vnnlib/prop_3.vnnlib,0,sat,0.031384944915771484
acasxu_2023,vnncomp2025_benchmarks/benchmarks/acasxu_2023/onnx/ACASXU_run2a_2_9_batch_2000.onnx,vnncomp2025_benchmarks/benchmarks/acasxu_2023/vnnlib/prop_3.vnnlib,0,unknown,0.03013443946838379
acasxu_2023,vnncomp2025_benchmarks/benchmarks/acasxu_2023/onnx/ACASXU_run2a_3_1_batch_2000.onnx,vnncomp2025_benchmarks/benchmarks/acasxu_2023/vnnlib/prop_3.vnnlib,0,sat,0.03151583671569824
acasxu_2023,vnncomp2025_benchmarks/benchmarks/acasxu_2023/onnx/ACASXU_run2a_3_2_batch_2000.onnx,vnncomp2025_benchmarks/benchmarks/acasxu_2023/vnnlib/prop_3.vnnlib,0,sat,0.028478384017944336
acasxu_2023,vnncomp2025_benchmarks/benchmarks/acasxu_2023/onnx/ACASXU_run2a_3_3_batch_2000.onnx,vnncomp2025_benchmarks/benchmarks/acasxu_2023/vnnlib/prop_3.vnnlib,0,unknown,0.03286623954772949
acasxu_2023,vnncomp2025_benchmarks/benchmarks/acasxu_2023/onnx/ACASXU_run2a_3_4_batch_2000.onnx,vnncomp2025_benchmarks/benchmarks/acasxu_2023/vnnlib/prop_3.vnnlib,0,sat,0.031375885009765625
acasxu_2023,vnncomp2025_benchmarks/benchmarks/acasxu_2023/onnx/ACASXU_run2a_3_5_batch_2000.onnx,vnncomp2025_benchmarks/benchmarks/acasxu_2023/vnnlib/prop_3.vnnlib,0,sat,0.027704238891601562
acasxu_2023,vnncomp2025_benchmarks/benchmarks/acasxu_2023/onnx/ACASXU_run2a_3_6_batch_2000.onnx,vnncomp2025_benchmarks/benchmarks/acasxu_2023/vnnlib/prop_3.vnnlib,0,unknown,0.03185224533081055
acasxu_2023,vnncomp2025_benchmarks/benchmarks/acasxu_2023/onnx/ACASXU_run2a_3_7_batch_2000.onnx,vnncomp2025_benchmarks/benchmarks/acasxu_2023/vnnlib/prop_3.vnnlib,0,sat,0.030389070510864258
acasxu_2023,vnncomp2025_benchmarks/benchmarks/acasxu_2023/onnx/ACASXU_run2a_3_8_batch_2000.onnx,vnncomp2025_benchmarks/benchmarks/acasxu_2023/vnnlib/prop_3.vnnlib,0,sat,0.029023408889770508
acasxu_2023,vnncomp2025_benchmarks/benchmarks/acasxu_2023/onnx/ACASXU_run2a_3_9_batch_2000.onnx,vnncomp2025_benchmarks/benchmarks/acasxu_2023/vnnlib/prop_3.vnnlib,0,sat,0.028924942016601562
acasxu_2023,vnncomp2025_benchmarks/benchmarks/acasxu_2023/onnx/ACASXU_run2a_4_1_batch_2000.onnx,vnncomp2025_benchmarks/benchmarks/acasxu_2023/vnnlib/prop_3.vnnlib,0,sat,0.028778076171875
acasxu_2023,vnncomp2025_benchmarks/benchmarks/acasxu_2023/onnx/ACASXU_run2a_4_2_batch_2000.onnx,vnncomp2025_benchmarks/benchmarks/acasxu_2023/vnnlib/prop_3.vnnlib,0,sat,0.028301239013671875
acasxu_2023,vnncomp2025_benchmarks/benchmarks/acasxu_2023/onnx/ACASXU_run2a_4_3_batch_2000.onnx,vnncomp2025_benchmarks/benchmarks/acasxu_2023/vnnlib/prop_3.vnnlib,0,unknown,0.0307772159576416
acasxu_2023,vnncomp2025_benchmarks/benchmarks/acasxu_2023/onnx/ACASXU_run2a_4_4_batch_2000.onnx,vnncomp2025_benchmarks/benchmarks/acasxu_2023/vnnlib/prop_3.vnnlib,0,unknown,0.03172016143798828
acasxu_2023,vnncomp2025_benchmarks/benchmarks/acasxu_2023/onnx/ACASXU_run2a_4_5_batch_2000.onnx,vnncomp2025_benchmarks/benchmarks/acasxu_2023/vnnlib/prop_3.vnnlib,0,unknown,0.03250837326049805
acasxu_2023,vnncomp2025_benchmarks/benchmarks/acasxu_2023/onnx/ACASXU_run2a_4_6_batch_2000.onnx,vnncomp2025_benchmarks/benchmarks/acasxu_2023/vnnlib/prop_3.vnnlib,0,sat,0.03013753890991211
acasxu_2023,vnncomp2025_benchmarks/benchmarks/acasxu_2023/onnx/ACASXU_run2a_4_7_batch_2000.onnx,vnncomp2025_benchmarks/benchmarks/acasxu_2023/vnnlib/prop_3.vnnlib,0,sat,0.03178596496582031
acasxu_2023,vnncomp2025_benchmarks/benchmarks/acasxu_2023/onnx/ACASXU_run2a_4_8_batch_2000.onnx,vnncomp2025_benchmarks/benchmarks/acasxu_2023/vnnlib/prop_3.vnnlib,0,unknown,0.027736663818359375
acasxu_2023,vnncomp2025_benchmarks/benchmarks/acasxu_2023/onnx/ACASXU_run2a_4_9_batch_2000.onnx,vnncomp2025_benchmarks/benchmarks/acasxu_2023/vnnlib/prop_3.vnnlib,0,unknown,0.032292842864990234
acasxu_2023,vnncomp2025_benchmarks/benchmarks/acasxu_2023/onnx/ACASXU_run2a_5_1_batch_2000.onnx,vnncomp2025_benchmarks/benchmarks/acasxu_2023/vnnlib/prop_3.vnnlib,0,sat,0.029980182647705078
acasxu_2023,vnncomp2025_benchmarks/benchmarks/acasxu_2023/onnx/ACASXU_run2a_5_2_batch_2000.onnx,vnncomp2025_benchmarks/benchmarks/acasxu_2023/vnnlib/prop_3.vnnlib,0,unknown,0.03247332572937012
acasxu_2023,vnncomp2025_benchmarks/benchmarks/acasxu_2023/onnx/ACASXU_run2a_5_3_batch_2000.onnx,vnncomp2025_benchmarks/benchmarks/acasxu_2023/vnnlib/prop_3.vnnlib,0,unknown,0.028057575225830078
acasxu_2023,vnncomp2025_benchmarks/benchmarks/acasxu_2023/onnx/ACASXU_run2a_5_4_batch_2000.onnx,vnncomp2025_benchmarks/benchmarks/acasxu_2023/vnnlib/prop_3.vnnlib,0,unknown,0.029731035232543945
acasxu_2023,vnncomp2025_benchmarks/benchmarks/acasxu_2023/onnx/ACASXU_run2a_5_5_batch_2000.onnx,vnncomp2025_benchmarks/benchmarks/acasxu_2023/vnnlib/prop_3.vnnlib,0,unknown,0.028315067291259766
acasxu_2023,vnncomp2025_benchmarks/benchmarks/acasxu_2023/onnx/ACASXU_run2a_5_6_batch_2000.onnx,vnncomp2025_benchmarks/benchmarks/acasxu_2023/vnnlib/prop_3.vnnlib,0,unknown,0.03293275833129883
acasxu_2023,vnncomp2025_benchmarks/benchmarks/acasxu_2023/onnx/ACASXU_run2a_5_7_batch_2000.onnx,vnncomp2025_benchmarks/benchmarks/acasxu_2023/vnnlib/prop_3.vnnlib,0,unknown,0.03127694129943848
acasxu_2023,vnncomp2025_benchmarks/benchmarks/acasxu_2023/onnx/ACASXU_run2a_5_8_batch_2000.onnx,vnncomp2025_benchmarks/benchmarks/acasxu_2023/vnnlib/prop_3.vnnlib,0,sat,0.028333425521850586
acasxu_2023,vnncomp2025_benchmarks/benchmarks/acasxu_2023/onnx/ACASXU_run2a_5_9_batch_2000.onnx,vnncomp2025_benchmarks/benchmarks/acasxu_2023/vnnlib/prop_3.vnnlib,0,unknown,0.0297238826751709
acasxu_2023,vnncomp2025_benchmarks/benchmarks/acasxu_2023/onnx/ACASXU_run2a_1_1_batch_2000.onnx,vnncomp2025_benchmarks/benchmarks/acasxu_2023/vnnlib/prop_4.vnnlib,0,sat,0.04236745834350586
acasxu_2023,vnncomp2025_benchmarks/benchmarks/acasxu_2023/onnx/ACASXU_run2a_1_2_batch_2000.onnx,vnncomp2025_benchmarks/benchmarks/acasxu_2023/vnnlib/prop_4.vnnlib,0,sat,0.029102325439453125
acasxu_2023,vnncomp2025_benchmarks/benchmarks/acasxu_2023/onnx/ACASXU_run2a_1_3_batch_2000.onnx,vnncomp2025_benchmarks/benchmarks/acasxu_2023/vnnlib/prop_4.vnnlib,0,unknown,0.03278851509094238
acasxu_2023,vnncomp2025_benchmarks/benchmarks/acasxu_2023/onnx/ACASXU_run2a_1_4_batch_2000.onnx,vnncomp2025_benchmarks/benchmarks/acasxu_2023/vnnlib/prop_4.vnnlib,0,sat,0.029617786407470703
acasxu_2023,vnncomp2025_benchmarks/benchmarks/acasxu_2023/onnx/ACASXU_run2a_1_5_batch_2000.onnx,vnncomp2025_benchmarks/benchmarks/acasxu_2023/vnnlib/prop_4.vnnlib,0,unknown,0.029986143112182617
acasxu_2023,vnncomp2025_benchmarks/benchmarks/acasxu_2023/onnx/ACASXU_run2a_1_6_batch_2000.onnx,vnncomp2025_benchmarks/benchmarks/acasxu_2023/vnnlib/prop_4.vnnlib,0,sat,0.03054046630859375
acasxu_2023,vnncomp2025_benchmarks/benchmarks/acasxu_2023/onnx/ACASXU_run2a_1_7_batch_2000.onnx,vnncomp2025_benchmarks/benchmarks/acasxu_2023/vnnlib/prop_4.vnnlib,0,sat,0.029055356979370117
acasxu_2023,vnncomp2025_benchmarks/benchmarks/acasxu_2023/onnx/ACASXU_run2a_1_8_batch_2000.onnx,vnncomp2025_benchmarks/benchmarks/acasxu_2023/vnnlib/prop_4.vnnlib,0,sat,0.03231024742126465
acasxu_2023,vnncomp2025_benchmarks/benchmarks/acasxu_2023/onnx/ACASXU_run2a_1_9_batch_2000.onnx,vnncomp2025_benchmarks/benchmarks/acasxu_2023/vnnlib/prop_4.vnnlib,0,sat,0.029056549072265625
acasxu_2023,vnncomp2025_benchmarks/benchmarks/acasxu_2023/onnx/ACASXU_run2a_2_1_batch_2000.onnx,vnncomp2025_benchmarks/benchmarks/acasxu_2023/vnnlib/prop_4.vnnlib,0,unknown,0.029812097549438477
acasxu_2023,vnncomp2025_benchmarks/benchmarks/acasxu_2023/onnx/ACASXU_run2a_2_2_batch_2000.onnx,vnncomp2025_benchmarks/benchmarks/acasxu_2023/vnnlib/prop_4.vnnlib,0,sat,0.028484344482421875
acasxu_2023,vnncomp2025_benchmarks/benchmarks/acasxu_2023/onnx/ACASXU_run2a_2_3_batch_2000.onnx,vnncomp2025_benchmarks/benchmarks/acasxu_2023/vnnlib/prop_4.vnnlib,0,unknown,0.03180742263793945
acasxu_2023,vnncomp2025_benchmarks/benchmarks/acasxu_2023/onnx/ACASXU_run2a_2_4_batch_2000.onnx,vnncomp2025_benchmarks/benchmarks/acasxu_2023/vnnlib/prop_4.vnnlib,0,sat,0.028855562210083008
acasxu_2023,vnncomp2025_benchmarks/benchmarks/acasxu_2023/onnx/ACASXU_run2a_2_5_batch_2000.onnx,vnncomp2025_benchmarks/benchmarks/acasxu_2023/vnnlib/prop_4.vnnlib,0,unknown,0.032012224197387695
acasxu_2023,vnncomp2025_benchmarks/benchmarks/acasxu_2023/onnx/ACASXU_run2a_2_6_batch_2000.onnx,vnncomp2025_benchmarks/benchmarks/acasxu_2023/vnnlib/prop_4.vnnlib,0,sat,0.028760433197021484
acasxu_2023,vnncomp2025_benchmarks/benchmarks/acasxu_2023/onnx/ACASXU_run2a_2_7_batch_2000.onnx,vnncomp2025_benchmarks/benchmarks/acasxu_2023/vnnlib/prop_4.vnnlib,0,unknown,0.028802156448364258
acasxu_2023,vnncomp2025_benchmarks/benchmarks/acasxu_2023/onnx/ACASXU_run2a_2_8_batch_2000.onnx,vnncomp2025_benchmarks/benchmarks/acasxu_2023/vnnlib/prop_4.vnnlib,0,sat,0.030050992965698242
acasxu_2023,vnncomp2025_benchmarks/benchmarks/acasxu_2023/onnx/ACASXU_run2a_2_9_batch_2000.onnx,vnncomp2025_benchmarks/benchmarks/acasxu_2023/vnnlib/prop_4.vnnlib,0,unknown,0.030136823654174805
acasxu_2023,vnncomp2025_benchmarks/benchmarks/acasxu_2023/onnx/ACASXU_run2a_3_1_batch_2000.onnx,vnncomp2025_benchmarks/benchmarks/acasxu_2023/vnnlib/prop_4.vnnlib,0,sat,0.02887725830078125
acasxu_2023,vnncomp2025_benchmarks/benchmarks/acasxu_2023/onnx/ACASXU_run2a_3_2_batch_2000.onnx,vnncomp2025_benchmarks/benchmarks/acasxu_2023/vnnlib/prop_4.vnnlib,0,sat,0.02976369857788086
acasxu_2023,vnncomp2025_benchmarks/benchmarks/acasxu_2023/onnx/ACASXU_run2a_3_3_batch_2000.onnx,vnncomp2025_benchmarks/benchmarks/acasxu_2023/vnnlib/prop_4.vnnlib,0,unknown,0.030625581741333008
acasxu_2023,vnncomp2025_benchmarks/benchmarks/acasxu_2023/onnx/ACASXU_run2a_3_4_batch_2000.onnx,vnncomp2025_benchmarks/benchmarks/acasxu_2023/vnnlib/prop_4.vnnlib,0,sat,0.02830815315246582
acasxu_2023,vnncomp2025_benchmarks/benchmarks/acasxu_2023/onnx/ACASXU_run2a_3_5_batch_2000.onnx,vnncomp2025_benchmarks/benchmarks/acasxu_2023/vnnlib/prop_4.vnnlib,0,sat,0.02876901626586914
acasxu_2023,vnncomp2025_benchmarks/benchmarks/acasxu_2023/onnx/ACASXU_run2a_3_6_batch_2000.onnx,vnncomp2025_benchmarks/benchmarks/acasxu_2023/vnnlib/prop_4.vnnlib,0,unknown,0.03329348564147949
acasxu_2023,vnncomp2025_benchmarks/benchmarks/acasxu_2023/onnx/ACASXU_run2a_3_7_batch_2000.onnx,vnncomp2025_benchmarks/benchmarks/acasxu_2023/vnnlib/prop_4.vnnlib,0,sat,0.029364585876464844
acasxu_2023,vnncomp2025_benchmarks/benchmarks/acasxu_2023/onnx/ACASXU_run2a_3_8_batch_2000.onnx,vnncomp2025_benchmarks/benchmarks/acasxu_2023/vnnlib/prop_4.vnnlib,0,sat,0.03178215026855469
acasxu_2023,vnncomp2025_benchmarks/benchmarks/acasxu_2023/onnx/ACASXU_run2a_3_9_batch_2000.onnx,vnncomp2025_benchmarks/benchmarks/acasxu_2023/vnnlib/prop_4.vnnlib,0,unknown,0.03100132942199707
acasxu_2023,vnncomp2025_benchmarks/benchmarks/acasxu_2023/onnx/ACASXU_run2a_4_1_batch_2000.onnx,vnncomp2025_benchmarks/benchmarks/acasxu_2023/vnnlib/prop_4.vnnlib,0,unknown,0.03055572509765625
acasxu_2023,vnncomp2025_benchmarks/benchmarks/acasxu_2023/onnx/ACASXU_run2a_4_2_batch_2000.onnx,vnncomp2025_benchmarks/benchmarks/acasxu_2023/vnnlib/prop_4.vnnlib,0,sat,0.029932260513305664
acasxu_2023,vnncomp2025_benchmarks/benchmarks/acasxu_2023/onnx/ACASXU_run2a_4_3_batch_2000.onnx,vnncomp2025_benchmarks/benchmarks/acasxu_2023/vnnlib/prop_4.vnnlib,0,unknown,0.03233647346496582
acasxu_2023,vnncomp2025_benchmarks/benchmarks/acasxu_2023/onnx/ACASXU_run2a_4_4_batch_2000.onnx,vnncomp2025_benchmarks/benchmarks/acasxu_2023/vnnlib/prop_4.vnnlib,0,unknown,0.03376507759094238
acasxu_2023,vnncomp2025_benchmarks/benchmarks/acasxu_2023/onnx/ACASXU_run2a_4_5_batch_2000.onnx,vnncomp2025_benchmarks/benchmarks/acasxu_2023/vnnlib/prop_4.vnnlib,0,sat,0.030286073684692383
acasxu_2023,vnncomp2025_benchmarks/benchmarks/acasxu_2023/onnx/ACASXU_run2a_4_6_batch_2000.onnx,vnncomp2025_benchmarks/benchmarks/acasxu_2023/vnnlib/prop_4.vnnlib,0,sat,0.03017878532409668
acasxu_2023,vnncomp2025_benchmarks/benchmarks/acasxu_2023/onnx/ACASXU_run2a_4_7_batch_2000.onnx,vnncomp2025_benchmarks/benchmarks/acasxu_2023/vnnlib/prop_4.vnnlib,0,sat,0.030007362365722656
acasxu_2023,vnncomp2025_benchmarks/benchmarks/acasxu_2023/onnx/ACASXU_run2a_4_8_batch_2000.onnx,vnncomp2025_benchmarks/benchmarks/acasxu_2023/vnnlib/prop_4.vnnlib,0,unknown,0.03185296058654785
acasxu_2023,vnncomp2025_benchmarks/benchmarks/acasxu_2023/onnx/ACASXU_run2a_4_9_batch_2000.onnx,vnncomp2025_benchmarks/benchmarks/acasxu_2023/vnnlib/prop_4.vnnlib,0,unknown,0.03027033805847168
acasxu_2023,vnncomp2025_benchmarks/benchmarks/acasxu_2023/onnx/ACASXU_run2a_5_1_batch_2000.onnx,vnncomp2025_benchmarks/benchmarks/acasxu_2023/vnnlib/prop_4.vnnlib,0,unknown,0.028683900833129883
acasxu_2023,vnncomp2025_benchmarks/benchmarks/acasxu_2023/onnx/ACASXU_run2a_5_2_batch_2000.onnx,vnncomp2025_benchmarks/benchmarks/acasxu_2023/vnnlib/prop_4.vnnlib,0,sat,0.03210282325744629
acasxu_2023,vnncomp2025_benchmarks/benchmarks/acasxu_2023/onnx/ACASXU_run2a_5_3_batch_2000.onnx,vnncomp2025_benchmarks/benchmarks/acasxu_2023/vnnlib/prop_4.vnnlib,0,unknown,0.028725862503051758
acasxu_2023,vnncomp2025_benchmarks/benchmarks/acasxu_2023/onnx/ACASXU_run2a_5_4_batch_2000.onnx,vnncomp2025_benchmarks/benchmarks/acasxu_2023/vnnlib/prop_4.vnnlib,0,unknown,0.030737638473510742
acasxu_2023,vnncomp2025_benchmarks/benchmarks/acasxu_2023/onnx/ACASXU_run2a_5_5_batch_2000.onnx,vnncomp2025_benchmarks/benchmarks/acasxu_2023/vnnlib/prop_4.vnnlib,0,unknown,0.028345823287963867
acasxu_2023,vnncomp2025_benchmarks/benchmarks/acasxu_2023/onnx/ACASXU_run2a_5_6_batch_2000.onnx,vnncomp2025_benchmarks/benchmarks/acasxu_2023/vnnlib/prop_4.vnnlib,0,unknown,0.03031158447265625
acasxu_2023,vnncomp2025_benchmarks/benchmarks/acasxu_2023/onnx/ACASXU_run2a_5_7_batch_2000.onnx,vnncomp2025_benchmarks/benchmarks/acasxu_2023/vnnlib/prop_4.vnnlib,0,unknown,0.03307056427001953
acasxu_2023,vnncomp2025_benchmarks/benchmarks/acasxu_2023/onnx/ACASXU_run2a_5_8_batch_2000.onnx,vnncomp2025_benchmarks/benchmarks/acasxu_2023/vnnlib/prop_4.vnnlib,0,sat,0.031148910522460938
acasxu_2023,vnncomp2025_benchmarks/benchmarks/acasxu_2023/onnx/ACASXU_run2a_5_9_batch_2000.onnx,vnncomp2025_benchmarks/benchmarks/acasxu_2023/vnnlib/prop_4.vnnlib,0,unknown,0.030385732650756836
acasxu_2023,vnncomp2025_benchmarks/benchmarks/acasxu_2023/onnx/ACASXU_run2a_1_1_batch_2000.onnx,vnncomp2025_benchmarks/benchmarks/acasxu_2023/vnnlib/prop_5.vnnlib,0,unknown,0.0512235164642334
acasxu_2023,vnncomp2025_benchmarks/benchmarks/acasxu_2023/onnx/ACASXU_run2a_1_1_batch_2000.onnx,vnncomp2025_benchmarks/benchmarks/acasxu_2023/vnnlib/prop_6.vnnlib,0,unknown,0.0479433536529541
acasxu_2023,vnncomp2025_benchmarks/benchmarks/acasxu_2023/onnx/ACASXU_run2a_1_9_batch_2000.onnx,vnncomp2025_benchmarks/benchmarks/acasxu_2023/vnnlib/prop_7.vnnlib,0,unknown,0.050490617752075195
acasxu_2023,vnncomp2025_benchmarks/benchmarks/acasxu_2023/onnx/ACASXU_run2a_2_9_batch_2000.onnx,vnncomp2025_benchmarks/benchmarks/acasxu_2023/vnnlib/prop_8.vnnlib,0,unknown,0.04862165451049805
acasxu_2023,vnncomp2025_benchmarks/benchmarks/acasxu_2023/onnx/ACASXU_run2a_3_3_batch_2000.onnx,vnncomp2025_benchmarks/benchmarks/acasxu_2023/vnnlib/prop_9.vnnlib,0,unknown,0.04377007484436035
acasxu_2023,vnncomp2025_benchmarks/benchmarks/acasxu_2023/onnx/ACASXU_run2a_4_5_batch_2000.onnx,vnncomp2025_benchmarks/benchmarks/acasxu_2023/vnnlib/prop_10.vnnlib,0,unknown,0.04098200798034668
